{"cyclic":{"angles":[111.69999694824219,103.30000305175781,104.80000305175781,106.5,103.19999694824219],"lengths":[1.468000054359436,1.531000018119812,1.4950000047683716,1.5019999742507935,1.4739999771118164],"names":["N","CA","CB","CG","CD"],"num":5,"params":{"nudges":[-0.00473296782001853,-0.005280120298266411,-0.0018899500137194991,-0.007175452541559935,-0.006732476409524679],"offset":0.003983054310083389,"radius":1.2431625127792358,"z_amplitude":0.18803466856479645},"sinmult":2,"step":0.5}}
